
insert into ROLES (role_id, role_name) values (1, 'ADMIN')
insert into ROLES (role_id, role_name) values (2, 'CUSTOMER')

insert into USERS (role_id, "password", username, email, first_name, last_name) values (1, '1234', 'temp1', 'temp1@mail.com', '', '')
insert into USERS (role_id, "password", username, email, first_name, last_name) values (2, '1234', 'temp2', 'temp2@mail.com', '', '')

insert into CATEGORY (category_name, description) values ('Clothes', 'Stuff that made from fabric')
insert into CATEGORY (category_name, description) values ('Electronic', 'Stuff that use electricity')
insert into CATEGORY (category_name, description) values ('Stationary', 'Stuff that used in office and school')
insert into CATEGORY (category_name, description) values ('Food', 'Stuff that can be eaten')

insert into PRODUCT (product_name, product_description, img_url, price, unit, created_by, created_date, updated_date, category) values ('Tra sua tran trau', 'Tra sua tran trau', 'https://i.imgur.com/rxGzMes.jpg', 25000, 'Ly', 1, '2021-07-22','2021-07-22', 4)
insert into PRODUCT (product_name, product_description, img_url, price, unit, created_by, created_date, updated_date, category) values ('But bi', 'But bi', 'https://i.imgur.com/muXKPlQ.jpg', 10000, 'Cay', 1, '2021-07-22','2021-07-22', 3)
insert into PRODUCT (product_name, product_description, img_url, price, unit, created_by, created_date, updated_date, category) values ('Dau dong hop', 'Dau dong hop', 'https://i.imgur.com/Y64JU9C.jpg', 45500, 'Hop', 1, '2021-07-22','2021-07-22', 4)
insert into PRODUCT (product_name, product_description, img_url, price, unit, created_by, created_date, updated_date, category) values ('But long mau', 'But long mau', 'https://i.imgur.com/LCRcSG0.jpg', 150000, 'Bo', 1, '2021-07-22','2021-07-22', 3)
insert into PRODUCT (product_name, product_description, img_url, price, unit, created_by, created_date, updated_date, category) values ('Quan dai', 'Quan dai', 'https://i.imgur.com/C7TqSVu.jpg', 100000, 'Cai', 1, '2021-07-22','2021-07-22', 1)
insert into PRODUCT (product_name, product_description, img_url, price, unit, created_by, created_date, updated_date, category) values ('Dien thoai', 'Dien thoai', 'https://i.imgur.com/4KBqX2S.jpg', 7000000, 'Cai', 1, '2021-07-22','2021-07-22', 2)
insert into PRODUCT (product_name, product_description, img_url, price, unit, created_by, created_date, updated_date, category) values ('Pizza', 'Pizza', 'https://i.imgur.com/EobTTJd.jpg', 130000, 'Cai', 1, '2021-07-22','2021-07-22', 4)
insert into PRODUCT (product_name, product_description, img_url, price, unit, created_by, created_date, updated_date, category) values ('Dan loa', 'Dan loa', 'https://i.imgur.com/xMXmfLd.jpg', 15000000, 'Bo', 1, '2021-07-22','2021-07-22', 2)
insert into PRODUCT (product_name, product_description, img_url, price, unit, created_by, created_date, updated_date, category) values ('Ao thun den', 'Ao thun den', 'https://i.imgur.com/eYeXyde.jpg', 150000, 'Cai', 1, '2021-07-22','2021-07-22', 1)
insert into PRODUCT (product_name, product_description, img_url, price, unit, created_by, created_date, updated_date, category) values ('Ao thun xanh', 'Ao thun xanh', 'https://i.imgur.com/U3Jy6Sd.jpg', 150000, 'Cai', 1, '2021-07-22','2021-07-22', 1)
insert into PRODUCT (product_name, product_description, img_url, price, unit, created_by, created_date, updated_date, category) values ('Tivi', 'Tivi', 'https://i.imgur.com/8w14a4Z.jpg', 17000000, 'Cai', 1, '2021-07-22','2021-07-22', 2)

insert into RATING (product_id, "user_id", rating, comment) values (1, 1, 3, 'Tam on')
insert into RATING (product_id, "user_id", rating, comment) values (1, 2, 5, 'Tuyet voi')
insert into RATING (product_id, "user_id", rating, comment) values (2, 1, 4, 'Tot')
insert into RATING (product_id, "user_id", rating, comment) values (3, 2, 3, 'Tam on')
insert into RATING (product_id, "user_id", rating, comment) values (4, 2, 3, 'Tam on')
insert into RATING (product_id, "user_id", rating, comment) values (5, 1, 3, 'Tam on')
insert into RATING (product_id, "user_id", rating, comment) values (6, 1, 5, 'Tam on')
insert into RATING (product_id, "user_id", rating, comment) values (7, 2, 3, 'Tam on')
insert into RATING (product_id, "user_id", rating, comment) values (8, 1, 3, 'Tam on')
insert into RATING (product_id, "user_id", rating, comment) values (9, 2, 2, 'Tam on')
insert into RATING (product_id, "user_id", rating, comment) values (10, 1, 3, 'Tam on')
insert into RATING (product_id, "user_id", rating, comment) values (11, 1, 1, 'Qua te')